{
  "project_info": {
    "project_number": "897910868490",
    "firebase_url": "https://tourmate-masum-batch-15.firebaseio.com",
    "project_id": "tourmate-masum-batch-15",
    "storage_bucket": "tourmate-masum-batch-15.appspot.com"
  },
  "client": [
    {
      "client_info": {
        "mobilesdk_app_id": "1:897910868490:android:6948562145fc4a9d8e6df3",
        "android_client_info": {
          "package_name": "com.example.finalyear"
        }
      },
      "oauth_client": [
        {
          "client_id": "897910868490-mli8b0j2rfv8evtum2lcmpfai3lj7gi6.apps.googleusercontent.com",
          "client_type": 3
        }
      ],
      "api_key": [
        {
          "current_key": "AIzaSyCDFgTAUNWvylDybWNA2tPhM427vcC8E3E"
        }
      ],
      "services": {
        "appinvite_service": {
          "other_platform_oauth_client": [
            {
              "client_id": "897910868490-mli8b0j2rfv8evtum2lcmpfai3lj7gi6.apps.googleusercontent.com",
              "client_type": 3
            }
          ]
        }
      }
    },
    {
      "client_info": {
        "mobilesdk_app_id": "1:897910868490:android:212ec65f05abeb928e6df3",
        "android_client_info": {
          "package_name": "com.example.tourmatebatch15"
        }
      },
      "oauth_client": [
        {
          "client_id": "897910868490-mli8b0j2rfv8evtum2lcmpfai3lj7gi6.apps.googleusercontent.com",
          "client_type": 3
        }
      ],
      "api_key": [
        {
          "current_key": "AIzaSyCDFgTAUNWvylDybWNA2tPhM427vcC8E3E"
        }
      ],
      "services": {
        "appinvite_service": {
          "other_platform_oauth_client": [
            {
              "client_id": "897910868490-mli8b0j2rfv8evtum2lcmpfai3lj7gi6.apps.googleusercontent.com",
              "client_type": 3
            }
          ]
        }
      }
    }
  ],
  "configuration_version": "1"
}